id,title,authors,translators,role,include_in_stylometry,genre,genre_clean,original_language,source_edition,original_date,publication_date,date_basis,ip_status,text_stripped_path,text_nikud_path,path,year,edition_date,exact_date,date_verdict,date_confidence,date_source,user_year,nonby_date,nonby_source
13088,מִכָּל הָעַמִּים,נתן אלתרמן,,author,True,poetry,poetry,he,פרויקט בן-יהודה,1942,2019-06-20,original,by_permission,authors/alterman/corpus/stripped/13088.txt,authors/alterman/corpus/nikud/13088.txt,https://benyehuda.org/read/13088,1942.0,1971.0,,user_kept_nonby,user,,1942,27.11.1942,https://he.wikipedia.org/wiki/מכל_העמים
13089,מִכְתָּב שֶׁל מְנַחֵם־מֶנְדְּל,נתן אלתרמן,,author,True,poetry,poetry,he,פרויקט בן-יהודה,1968,2019-06-20,original,by_permission,authors/alterman/corpus/stripped/13089.txt,authors/alterman/corpus/nikud/13089.txt,https://benyehuda.org/read/13089,1968.0,1971.0,,user_kept_nonby,user,,1968,09.03.1945,https://he.wikipedia.org/wiki/מכתבו_של_מנחם_מנדל
13090,עַל הַיֶּלֶד אַבְרָם,נתן אלתרמן,,author,True,poetry,poetry,he,פרויקט בן-יהודה,1968,2019-06-20,original,by_permission,authors/alterman/corpus/stripped/13090.txt,authors/alterman/corpus/nikud/13090.txt,https://benyehuda.org/read/13090,1968.0,1971.0,,user_kept_nonby,user,,1968,26.04.1946,https://merkazruach.nli.org.il/lesson/l-hyld-brm
13091,"""אִמָּא, כְּבָר מֻתָּר לִבְכּוֹת?""",נתן אלתרמן,,author,True,poetry,poetry,he,פרויקט בן-יהודה,1968,2019-06-20,original,by_permission,authors/alterman/corpus/stripped/13091.txt,authors/alterman/corpus/nikud/13091.txt,https://benyehuda.org/read/13091,1968.0,1971.0,,user_kept_nonby,user,,1968,19.10.1945,https://www.inn.co.il/news/636648
13092,מַגַּשׁ הַכֶּסֶף,נתן אלתרמן,,author,True,poetry,poetry,he,פרויקט בן-יהודה,1947,2019-06-20,original,by_permission,authors/alterman/corpus/stripped/13092.txt,authors/alterman/corpus/nikud/13092.txt,https://benyehuda.org/read/13092,1947.0,1971.0,,user_kept_nonby,user,,1947,19.12.1947,https://he.wikipedia.org/wiki/מגש_הכסף
13093,נְאוּם תְּשׁוּבָה לְרַב־חוֹבְלִים אִיטַלְקִי אַחַר לֵיל הוֹרָדָה,נתן אלתרמן,,author,True,poetry,poetry,he,פרויקט בן-יהודה,1945,2019-06-20,original,by_permission,authors/alterman/corpus/stripped/13093.txt,authors/alterman/corpus/nikud/13093.txt,https://benyehuda.org/read/13093,1945.0,1971.0,,user_kept_nonby,user,,1945,15.01.1946,https://he.wikipedia.org/wiki/נאום_תשובה_לרב-חובלים_איטלקי
13094,דּוּ שִׂיחַ,נתן אלתרמן,,author,True,poetry,poetry,he,פרויקט בן-יהודה,1957,2019-06-20,original,by_permission,authors/alterman/corpus/stripped/13094.txt,authors/alterman/corpus/nikud/13094.txt,https://benyehuda.org/read/13094,1957.0,1962.0,,confirmed,med,https://benyehuda.org/read/13094,1957,,
13095,לֵיל חֲנָיָה,נתן אלתרמן,,author,True,poetry,poetry,he,פרויקט בן-יהודה,1957,2019-06-20,original,by_permission,authors/alterman/corpus/stripped/13095.txt,authors/alterman/corpus/nikud/13095.txt,https://benyehuda.org/read/13095,1957.0,1962.0,,confirmed,med,https://benyehuda.org/read/13095,1957,,
13096,אָמְרָה חֶרֶב הַנְּצוּרִים,נתן אלתרמן,,author,True,poetry,poetry,he,פרויקט בן-יהודה,1943,2019-06-20,original,by_permission,authors/alterman/corpus/stripped/13096.txt,authors/alterman/corpus/nikud/13096.txt,https://benyehuda.org/read/13096,1943.0,1962.0,,conflict,low,https://benyehuda.org/read/13096,1941,,
13097,הִנֵּה תַּמּוּ יוֹם קְרָב וְעַרְבּוֹ,נתן אלתרמן,,author,True,poetry,poetry,he,פרויקט בן-יהודה,1941,2019-06-20,original,by_permission,authors/alterman/corpus/stripped/13097.txt,authors/alterman/corpus/nikud/13097.txt,https://benyehuda.org/read/13097,1941.0,1962.0,,user_kept_nonby,user,,1941,1944,https://www.zemereshet.co.il/song.asp?id=91
13098,הָאֲסוּפִי,נתן אלתרמן,,author,True,poetry,poetry,he,פרויקט בן-יהודה,1957,2019-06-20,original,by_permission,authors/alterman/corpus/stripped/13098.txt,authors/alterman/corpus/nikud/13098.txt,https://benyehuda.org/read/13098,1957.0,1962.0,,confirmed,med,https://benyehuda.org/read/13098,1957,,
13099,נִגּוּן עַתִּיק,נתן אלתרמן,,author,True,poetry,poetry,he,פרויקט בן-יהודה,1945,2019-06-20,original,by_permission,authors/alterman/corpus/stripped/13099.txt,authors/alterman/corpus/nikud/13099.txt,https://benyehuda.org/read/13099,1945.0,1962.0,,conflict,low,https://benyehuda.org/read/13099,1938,,
13100,הָעַלְמָה,נתן אלתרמן,,author,True,poetry,poetry,he,פרויקט בן-יהודה,1957,2019-06-20,original,by_permission,authors/alterman/corpus/stripped/13100.txt,authors/alterman/corpus/nikud/13100.txt,https://benyehuda.org/read/13100,1957.0,1962.0,,conflict,low,https://benyehuda.org/read/13100,1938,,
13106,במעגל (הערות לויכוח),נתן אלתרמן,,author,True,article,article,he,פרויקט בן-יהודה,1932,2019-06-23,original,by_permission,authors/alterman/corpus/stripped/13106.txt,authors/alterman/corpus/nikud/13106.txt,https://benyehuda.org/read/13106,1932.0,1970.0,30.03.1932,conflict,high,https://benyehuda.org/read/13106,1962,,
13107,על הבלתי⁻מובן בשירה,נתן אלתרמן,,author,True,article,article,he,פרויקט בן-יהודה,1933,2019-06-23,original,by_permission,authors/alterman/corpus/stripped/13107.txt,authors/alterman/corpus/nikud/13107.txt,https://benyehuda.org/read/13107,1933.0,1970.0,24.11.1933,conflict,high,https://benyehuda.org/read/13107,1946,,
13108,העשירי למנין,נתן אלתרמן,,author,True,article,article,he,פרויקט בן-יהודה,1932,2019-06-23,original,by_permission,authors/alterman/corpus/stripped/13108.txt,authors/alterman/corpus/nikud/13108.txt,https://benyehuda.org/read/13108,1932.0,1970.0,17.02.1932,conflict,high,https://benyehuda.org/read/13108,1955,,
13109,"ראווה וראי: (לצאת ""האהל"" למסעיו בחו""ל)",נתן אלתרמן,,author,True,article,article,he,פרויקט בן-יהודה,1934,2019-06-23,original,by_permission,authors/alterman/corpus/stripped/13109.txt,authors/alterman/corpus/nikud/13109.txt,https://benyehuda.org/read/13109,1934.0,1970.0,30.03.1934,conflict,high,https://benyehuda.org/read/13109,1950,,
13110,צירופי דברים: לתערוכה של אליהו ניומן,נתן אלתרמן,,author,True,article,article,he,פרויקט בן-יהודה,1934,2019-06-23,original,by_permission,authors/alterman/corpus/stripped/13110.txt,authors/alterman/corpus/nikud/13110.txt,https://benyehuda.org/read/13110,1934.0,1970.0,25.05.1934,conflict,high,https://benyehuda.org/read/13110,1943,,
13111,סוד המרכאות הכפולות,נתן אלתרמן,,author,True,article,article,he,פרויקט בן-יהודה,1938,2019-06-23,original,by_permission,authors/alterman/corpus/stripped/13111.txt,authors/alterman/corpus/nikud/13111.txt,https://benyehuda.org/read/13111,1938.0,1970.0,19.10.1938,conflict,high,https://benyehuda.org/read/13111,1954,,
13112,עולם והיפוכו,נתן אלתרמן,,author,True,article,article,he,פרויקט בן-יהודה,1939,2019-06-23,original,by_permission,authors/alterman/corpus/stripped/13112.txt,authors/alterman/corpus/nikud/13112.txt,https://benyehuda.org/read/13112,1939.0,1970.0,30.03.1939,conflict,high,https://benyehuda.org/read/13112,1951,,
13113,סער ופרץ,נתן אלתרמן,,author,True,article,article,he,פרויקט בן-יהודה,1940,2019-06-23,original,by_permission,authors/alterman/corpus/stripped/13113.txt,authors/alterman/corpus/nikud/13113.txt,https://benyehuda.org/read/13113,1940.0,1970.0,01.1940,conflict,high,https://benyehuda.org/read/13113,1961,,
13114,"משה ליפשיץ ז""ל",נתן אלתרמן,,author,True,article,article,he,פרויקט בן-יהודה,1940,2019-06-23,original,by_permission,authors/alterman/corpus/stripped/13114.txt,authors/alterman/corpus/nikud/13114.txt,https://benyehuda.org/read/13114,1940.0,1970.0,04.1940,confirmed,high,https://benyehuda.org/read/13114,1940,,
13115,"על ""חירות פיוטית""",נתן אלתרמן,,author,True,article,article,he,פרויקט בן-יהודה,1951,2019-06-23,original,by_permission,authors/alterman/corpus/stripped/13115.txt,authors/alterman/corpus/nikud/13115.txt,https://benyehuda.org/read/13115,1951.0,1970.0,02.02.1951,conflict,high,https://benyehuda.org/read/13115,1945,,
13116,באלאדות ישנות ושירי־זמר של אנגליה וסקוטלאנד (הקדמה),נתן אלתרמן,,author,True,article,article,he,פרויקט בן-יהודה,1959,2019-06-23,original,by_permission,authors/alterman/corpus/stripped/13116.txt,authors/alterman/corpus/nikud/13116.txt,https://benyehuda.org/read/13116,1959.0,1970.0,,conflict,med,https://benyehuda.org/read/13116,1944,,
13117,"לתרגום ""יוליוס קיסר"" מאת ו. שקספיר",נתן אלתרמן,,author,True,article,article,he,פרויקט בן-יהודה,1933,2019-06-23,original,by_permission,authors/alterman/corpus/stripped/13117.txt,authors/alterman/corpus/nikud/13117.txt,https://benyehuda.org/read/13117,1933.0,1970.0,11.08.1933,conflict,high,https://benyehuda.org/read/13117,1958,,
13118,"על כמה ערעורים של ב. קורצווייל (למאמריו על ""אותלו"")",נתן אלתרמן,,author,True,article,article,he,פרויקט בן-יהודה,1955,2019-06-23,original,by_permission,authors/alterman/corpus/stripped/13118.txt,authors/alterman/corpus/nikud/13118.txt,https://benyehuda.org/read/13118,1955.0,1970.0,10.06.1955,conflict,high,https://benyehuda.org/read/13118,1951,,
13119,"במקום הקדמה ל""כנרת כנרת""",נתן אלתרמן,,author,True,article,article,he,פרויקט בן-יהודה,1962,2019-06-23,original,by_permission,authors/alterman/corpus/stripped/13119.txt,authors/alterman/corpus/nikud/13119.txt,https://benyehuda.org/read/13119,1962.0,1970.0,09.02.1962,confirmed,high,https://benyehuda.org/read/13119,1962,,
13120,"בשולי ""הסערה הגדולה"": מכתב למערכת ""הארץ""",נתן אלתרמן,,author,True,article,article,he,פרויקט בן-יהודה,1963,2019-06-23,original,by_permission,authors/alterman/corpus/stripped/13120.txt,authors/alterman/corpus/nikud/13120.txt,https://benyehuda.org/read/13120,1963.0,1970.0,01.02.1963,conflict,high,https://benyehuda.org/read/13120,1961,,
13121,"""ועד האגודה החליט..."" (התפתחות חדשה בדיון על הביקורת התיאטראלית)",נתן אלתרמן,,author,True,article,article,he,פרויקט בן-יהודה,1963,2019-06-23,original,by_permission,authors/alterman/corpus/stripped/13121.txt,authors/alterman/corpus/nikud/13121.txt,https://benyehuda.org/read/13121,1963.0,1970.0,15.03.1963,confirmed,high,https://benyehuda.org/read/13121,1963,,
13122,כמה דברים בשעה גדולה לשירתנו (עם ספר השירים של י. בת־מרים),נתן אלתרמן,,author,True,article,article,he,פרויקט בן-יהודה,1963,2019-06-23,original,by_permission,authors/alterman/corpus/stripped/13122.txt,authors/alterman/corpus/nikud/13122.txt,https://benyehuda.org/read/13122,1963.0,1970.0,25.01.1963,conflict,high,https://benyehuda.org/read/13122,1964,,
13123,עיני הזמן האפל,נתן אלתרמן,,author,True,article,article,he,פרויקט בן-יהודה,1964,2019-06-23,original,by_permission,authors/alterman/corpus/stripped/13123.txt,authors/alterman/corpus/nikud/13123.txt,https://benyehuda.org/read/13123,1964.0,1970.0,10.07.1964,conflict,high,https://benyehuda.org/read/13123,1961,,
13124,על שירי מתי כץ,נתן אלתרמן,,author,True,article,article,he,פרויקט בן-יהודה,1965,2019-06-23,original,by_permission,authors/alterman/corpus/stripped/13124.txt,authors/alterman/corpus/nikud/13124.txt,https://benyehuda.org/read/13124,1965.0,1970.0,,confirmed,med,https://benyehuda.org/read/13124,1965,,
13125,עקרת הבית,נתן אלתרמן,,author,True,article,article,he,פרויקט בן-יהודה,1948,2019-06-23,original,by_permission,authors/alterman/corpus/stripped/13125.txt,authors/alterman/corpus/nikud/13125.txt,https://benyehuda.org/read/13125,1948.0,1970.0,,conflict,med,https://benyehuda.org/read/13125,1944,,
13126,שירתו של עזרא זוסמן,נתן אלתרמן,,author,True,article,article,he,פרויקט בן-יהודה,1968,2019-06-23,original,by_permission,authors/alterman/corpus/stripped/13126.txt,authors/alterman/corpus/nikud/13126.txt,https://benyehuda.org/read/13126,1968.0,1970.0,,confirmed,med,https://benyehuda.org/read/13126,1968,,
13127,"טיול: בתערוכה הקולוניאלית הבינלאומית, פאריס 1931",נתן אלתרמן,,author,True,article,article,he,פרויקט בן-יהודה,1931,2019-06-23,original,by_permission,authors/alterman/corpus/stripped/13127.txt,authors/alterman/corpus/nikud/13127.txt,https://benyehuda.org/read/13127,1931.0,1970.0,22.09.1931,confirmed,high,https://benyehuda.org/read/13127,1931,,
13128,מוֹד,נתן אלתרמן,,author,True,article,article,he,פרויקט בן-יהודה,1931,2019-06-23,original,by_permission,authors/alterman/corpus/stripped/13128.txt,authors/alterman/corpus/nikud/13128.txt,https://benyehuda.org/read/13128,1931.0,1970.0,19.11.1931,conflict,high,https://benyehuda.org/read/13128,1934,,
13129,סתיו,נתן אלתרמן,,author,True,article,article,he,פרויקט בן-יהודה,1932,2019-06-23,original,by_permission,authors/alterman/corpus/stripped/13129.txt,authors/alterman/corpus/nikud/13129.txt,https://benyehuda.org/read/13129,1932.0,1970.0,26.10.1932,conflict,high,https://benyehuda.org/read/13129,1934,,
13130,חטוטרת (איך אוהב הגיבן את החיים ואיך נעשה לאוהב חיים),נתן אלתרמן,,author,True,article,article,he,פרויקט בן-יהודה,1933,2019-06-23,original,by_permission,authors/alterman/corpus/stripped/13130.txt,authors/alterman/corpus/nikud/13130.txt,https://benyehuda.org/read/13130,1933.0,1970.0,22.06.1933,conflict,high,https://benyehuda.org/read/13130,1934,,
13131,אני והיא וכל הדברים,נתן אלתרמן,,author,True,article,article,he,פרויקט בן-יהודה,1933,2019-06-23,original,by_permission,authors/alterman/corpus/stripped/13131.txt,authors/alterman/corpus/nikud/13131.txt,https://benyehuda.org/read/13131,1933.0,1970.0,18.09.1933,conflict,high,https://benyehuda.org/read/13131,1934,,
13132,ערים בעולם – חיפה,נתן אלתרמן,,author,True,article,article,he,פרויקט בן-יהודה,1933,2019-06-23,original,by_permission,authors/alterman/corpus/stripped/13132.txt,authors/alterman/corpus/nikud/13132.txt,https://benyehuda.org/read/13132,1933.0,1970.0,22.06.1933,conflict,high,https://benyehuda.org/read/13132,1934,,
13133,גלויות מעמק הירדן,נתן אלתרמן,,author,True,article,article,he,פרויקט בן-יהודה,1933,2019-06-23,original,by_permission,authors/alterman/corpus/stripped/13133.txt,authors/alterman/corpus/nikud/13133.txt,https://benyehuda.org/read/13133,1933.0,1970.0,08.12.1933,conflict,high,https://benyehuda.org/read/13133,1934,,
13134,לגמל,נתן אלתרמן,,author,True,article,article,he,פרויקט בן-יהודה,1938,2019-06-23,original,by_permission,authors/alterman/corpus/stripped/13134.txt,authors/alterman/corpus/nikud/13134.txt,https://benyehuda.org/read/13134,1938.0,1970.0,15.04.1938,conflict,high,https://benyehuda.org/read/13134,1934,,
13135,הנמל ועירו,נתן אלתרמן,,author,True,article,article,he,פרויקט בן-יהודה,1938,2019-06-23,original,by_permission,authors/alterman/corpus/stripped/13135.txt,authors/alterman/corpus/nikud/13135.txt,https://benyehuda.org/read/13135,1938.0,1970.0,25.05.1938,conflict,high,https://benyehuda.org/read/13135,1936,,
13136,שלושה ימים דרומה (דרך הרי הנגב לאילת),נתן אלתרמן,,author,True,article,article,he,פרויקט בן-יהודה,1950,2019-06-23,original,by_permission,authors/alterman/corpus/stripped/13136.txt,authors/alterman/corpus/nikud/13136.txt,https://benyehuda.org/read/13136,1950.0,1970.0,21.12.1950,conflict,high,https://benyehuda.org/read/13136,1949,,
13137,המסיכה האחרונה,נתן אלתרמן,,author,True,article,article,he,פרויקט בן-יהודה,1968,2019-06-23,original,by_permission,authors/alterman/corpus/stripped/13137.txt,authors/alterman/corpus/nikud/13137.txt,https://benyehuda.org/read/13137,1968.0,1970.0,,conflict,med,https://benyehuda.org/read/13137,1952,,
13776,"""הוויכוח"" עם מוסקבה",נתן אלתרמן,,author,True,article,article,he,פרויקט בן-יהודה,1967,2019-09-15,original,by_permission,authors/alterman/corpus/stripped/13776.txt,authors/alterman/corpus/nikud/13776.txt,https://benyehuda.org/read/13776,1967.0,,,conflict,high,https://benyehuda.org/collections/1320,1954,,
13777,במה מחזיקין,נתן אלתרמן,,author,True,article,article,he,פרויקט בן-יהודה,1967,2019-09-15,original,by_permission,authors/alterman/corpus/stripped/13777.txt,authors/alterman/corpus/nikud/13777.txt,https://benyehuda.org/read/13777,1967.0,,,confirmed,high,https://benyehuda.org/collections/1320,1967,,
13778,בהלת האיחוד,נתן אלתרמן,,author,True,article,article,he,פרויקט בן-יהודה,1967,2019-09-15,original,by_permission,authors/alterman/corpus/stripped/13778.txt,authors/alterman/corpus/nikud/13778.txt,https://benyehuda.org/read/13778,1967.0,,,confirmed,high,https://benyehuda.org/collections/1320,1967,,
13779,העליה – כשהיא ערבית,נתן אלתרמן,,author,True,article,article,he,פרויקט בן-יהודה,1967,2019-09-15,original,by_permission,authors/alterman/corpus/stripped/13779.txt,authors/alterman/corpus/nikud/13779.txt,https://benyehuda.org/read/13779,1967.0,,,confirmed,high,https://benyehuda.org/collections/1320,1967,,
13780,פולמוס הכותל,נתן אלתרמן,,author,True,article,article,he,פרויקט בן-יהודה,1967,2019-09-15,original,by_permission,authors/alterman/corpus/stripped/13780.txt,authors/alterman/corpus/nikud/13780.txt,https://benyehuda.org/read/13780,1967.0,,,confirmed,high,https://benyehuda.org/collections/1320,1967,,
13781,משליטה צבאית לנוכחות שלמה,נתן אלתרמן,,author,True,article,article,he,פרויקט בן-יהודה,1967,2019-09-15,original,by_permission,authors/alterman/corpus/stripped/13781.txt,authors/alterman/corpus/nikud/13781.txt,https://benyehuda.org/read/13781,1967.0,,,confirmed,high,https://benyehuda.org/collections/1320,1967,,
13782,השתיקה האחרונה (על איליה ארנבורג),נתן אלתרמן,,author,True,article,article,he,פרויקט בן-יהודה,1967,2019-09-15,original,by_permission,authors/alterman/corpus/stripped/13782.txt,authors/alterman/corpus/nikud/13782.txt,https://benyehuda.org/read/13782,1967.0,,,confirmed,high,https://benyehuda.org/collections/1320,1967,,
13811,"""תוף־הפח"" וכלי הרוח",נתן אלתרמן,,author,True,article,article,he,פרויקט בן-יהודה,1967,2019-09-15,original,by_permission,authors/alterman/corpus/stripped/13811.txt,authors/alterman/corpus/nikud/13811.txt,https://benyehuda.org/read/13811,1967.0,1970.0,07.04.1967,conflict,high,https://benyehuda.org/read/13811,1953,,
13812,אבא של סווטלאנה,נתן אלתרמן,,author,True,article,article,he,פרויקט בן-יהודה,1967,2019-09-15,original,by_permission,authors/alterman/corpus/stripped/13812.txt,authors/alterman/corpus/nikud/13812.txt,https://benyehuda.org/read/13812,1967.0,1970.0,,conflict,high,https://benyehuda.org/collections/1320,1954,,
13813,קצת מיצעד והרבה עצבנות,נתן אלתרמן,,author,True,article,article,he,פרויקט בן-יהודה,1967,2019-09-15,original,by_permission,authors/alterman/corpus/stripped/13813.txt,authors/alterman/corpus/nikud/13813.txt,https://benyehuda.org/read/13813,1967.0,1970.0,12.05.1967,conflict,high,https://benyehuda.org/read/13813,1956,,
13814,ממשלת חירום כהכרח עליון,נתן אלתרמן,,author,True,article,article,he,פרויקט בן-יהודה,1967,2019-09-15,original,by_permission,authors/alterman/corpus/stripped/13814.txt,authors/alterman/corpus/nikud/13814.txt,https://benyehuda.org/read/13814,1967.0,1970.0,26.05.1967,conflict,high,https://benyehuda.org/read/13814,1956,,
13815,"""בשולי הטלגראמות""",נתן אלתרמן,,author,True,article,article,he,פרויקט בן-יהודה,1967,2019-09-15,original,by_permission,authors/alterman/corpus/stripped/13815.txt,authors/alterman/corpus/nikud/13815.txt,https://benyehuda.org/read/13815,1967.0,1970.0,,conflict,med,https://benyehuda.org/collections/1321,1956,,
13816,הגמוניה של מה?,נתן אלתרמן,,author,True,article,article,he,פרויקט בן-יהודה,1967,2019-09-15,original,by_permission,authors/alterman/corpus/stripped/13816.txt,authors/alterman/corpus/nikud/13816.txt,https://benyehuda.org/read/13816,1967.0,1970.0,,conflict,med,https://benyehuda.org/collections/1321,1956,,
13817,מול מציאות שאין לה אח,נתן אלתרמן,,author,True,article,article,he,פרויקט בן-יהודה,1967,2019-09-15,original,by_permission,authors/alterman/corpus/stripped/13817.txt,authors/alterman/corpus/nikud/13817.txt,https://benyehuda.org/read/13817,1967.0,1970.0,16.06.1967,conflict,high,https://benyehuda.org/read/13817,1957,,
13818,"""הגדה המערבית"" – ארץ בעילום-שם",נתן אלתרמן,,author,True,article,article,he,פרויקט בן-יהודה,1967,2019-09-15,original,by_permission,authors/alterman/corpus/stripped/13818.txt,authors/alterman/corpus/nikud/13818.txt,https://benyehuda.org/read/13818,1967.0,1970.0,,conflict,high,https://benyehuda.org/collections/1320,1957,,
13819,שלום כתכלית ולא כתחליף,נתן אלתרמן,,author,True,article,article,he,פרויקט בן-יהודה,1967,2019-09-15,original,by_permission,authors/alterman/corpus/stripped/13819.txt,authors/alterman/corpus/nikud/13819.txt,https://benyehuda.org/read/13819,1967.0,1970.0,,conflict,high,https://benyehuda.org/collections/1320,1957,,
13820,המערכה השלישית: הקרב על העם היהודי,נתן אלתרמן,,author,True,article,article,he,פרויקט בן-יהודה,1967,2019-09-15,original,by_permission,authors/alterman/corpus/stripped/13820.txt,authors/alterman/corpus/nikud/13820.txt,https://benyehuda.org/read/13820,1967.0,1970.0,,conflict,high,https://benyehuda.org/collections/1320,1957,,
14001,אחרי הדומיה,נתן אלתרמן,,author,True,article,article,he,פרויקט בן-יהודה,1967,2019-09-23,original,by_permission,authors/alterman/corpus/stripped/14001.txt,authors/alterman/corpus/nikud/14001.txt,https://benyehuda.org/read/14001,1967.0,,,confirmed,high,https://benyehuda.org/collections/1320,1967,,
14002,טעותו של נימוק-יסוד,נתן אלתרמן,,author,True,article,article,he,פרויקט בן-יהודה,1967,2019-09-23,original,by_permission,authors/alterman/corpus/stripped/14002.txt,authors/alterman/corpus/nikud/14002.txt,https://benyehuda.org/read/14002,1967.0,,,confirmed,high,https://benyehuda.org/collections/1320,1967,,
14003,טשטוש במסווה של ריאליזם,נתן אלתרמן,,author,True,article,article,he,פרויקט בן-יהודה,1967,2019-09-23,original,by_permission,authors/alterman/corpus/stripped/14003.txt,authors/alterman/corpus/nikud/14003.txt,https://benyehuda.org/read/14003,1967.0,,,confirmed,high,https://benyehuda.org/collections/1320,1967,,
14004,דחלילי נוסחאות,נתן אלתרמן,,author,True,article,article,he,פרויקט בן-יהודה,1967,2019-09-23,original,by_permission,authors/alterman/corpus/stripped/14004.txt,authors/alterman/corpus/nikud/14004.txt,https://benyehuda.org/read/14004,1967.0,,,confirmed,high,https://benyehuda.org/collections/1320,1967,,
14005,טעמו של כבוד,נתן אלתרמן,,author,True,article,article,he,פרויקט בן-יהודה,1967,2019-09-23,original,by_permission,authors/alterman/corpus/stripped/14005.txt,authors/alterman/corpus/nikud/14005.txt,https://benyehuda.org/read/14005,1967.0,,,confirmed,high,https://benyehuda.org/collections/1320,1967,,
14006,האלופים והמגבית,נתן אלתרמן,,author,True,article,article,he,פרויקט בן-יהודה,1967,2019-09-23,original,by_permission,authors/alterman/corpus/stripped/14006.txt,authors/alterman/corpus/nikud/14006.txt,https://benyehuda.org/read/14006,1967.0,,,confirmed,high,https://benyehuda.org/collections/1320,1967,,
14008,משפט המישחק,נתן אלתרמן,,author,True,article,article,he,פרויקט בן-יהודה,1967,2019-09-23,original,by_permission,authors/alterman/corpus/stripped/14008.txt,authors/alterman/corpus/nikud/14008.txt,https://benyehuda.org/read/14008,1967.0,,,confirmed,high,https://benyehuda.org/collections/1320,1967,,
14009,איחוד של לא-מפלגות,נתן אלתרמן,,author,True,article,article,he,פרויקט בן-יהודה,1967,2019-09-23,original,by_permission,authors/alterman/corpus/stripped/14009.txt,authors/alterman/corpus/nikud/14009.txt,https://benyehuda.org/read/14009,1967.0,,,confirmed,high,https://benyehuda.org/collections/1320,1967,,
14010,בדלתיים פתוחות,נתן אלתרמן,,author,True,article,article,he,פרויקט בן-יהודה,1967,2019-09-23,original,by_permission,authors/alterman/corpus/stripped/14010.txt,authors/alterman/corpus/nikud/14010.txt,https://benyehuda.org/read/14010,1967.0,,,confirmed,high,https://benyehuda.org/collections/1320,1967,,
14011,אי החלטה נחושה,נתן אלתרמן,,author,True,article,article,he,פרויקט בן-יהודה,1968,2019-09-23,original,by_permission,authors/alterman/corpus/stripped/14011.txt,authors/alterman/corpus/nikud/14011.txt,https://benyehuda.org/read/14011,1968.0,,,conflict,high,https://benyehuda.org/collections/1205,1967,,
14012,עץ החיים במשתלה,נתן אלתרמן,,author,True,article,article,he,פרויקט בן-יהודה,1968,2019-09-23,original,by_permission,authors/alterman/corpus/stripped/14012.txt,authors/alterman/corpus/nikud/14012.txt,https://benyehuda.org/read/14012,1968.0,,,conflict,high,https://benyehuda.org/collections/1205,1967,,
14013,החרמש והסהר,נתן אלתרמן,,author,True,article,article,he,פרויקט בן-יהודה,1968,2019-09-23,original,by_permission,authors/alterman/corpus/stripped/14013.txt,authors/alterman/corpus/nikud/14013.txt,https://benyehuda.org/read/14013,1968.0,,,conflict,high,https://benyehuda.org/collections/1205,1967,,
14014,קדקוד⁻המשולש,נתן אלתרמן,,author,True,article,article,he,פרויקט בן-יהודה,1968,2019-09-23,original,by_permission,authors/alterman/corpus/stripped/14014.txt,authors/alterman/corpus/nikud/14014.txt,https://benyehuda.org/read/14014,1968.0,,,conflict,high,https://benyehuda.org/collections/1205,1967,,
14015,משפט זוטא,נתן אלתרמן,,author,True,article,article,he,פרויקט בן-יהודה,1968,2019-09-23,original,by_permission,authors/alterman/corpus/stripped/14015.txt,authors/alterman/corpus/nikud/14015.txt,https://benyehuda.org/read/14015,1968.0,,,conflict,high,https://benyehuda.org/collections/1205,1967,,
14016,ספיחי קצף,נתן אלתרמן,,author,True,article,article,he,פרויקט בן-יהודה,1968,2019-09-23,original,by_permission,authors/alterman/corpus/stripped/14016.txt,authors/alterman/corpus/nikud/14016.txt,https://benyehuda.org/read/14016,1968.0,,,conflict,high,https://benyehuda.org/collections/1205,1967,,
14248,תגובה שגלשה על גדותיה,נתן אלתרמן,,author,True,article,article,he,פרויקט בן-יהודה,1968,2019-10-06,original,by_permission,authors/alterman/corpus/stripped/14248.txt,authors/alterman/corpus/nikud/14248.txt,https://benyehuda.org/read/14248,1968.0,1970.0,,confirmed,high,https://benyehuda.org/collections/1205,1968,,
14249,מועד אחרון,נתן אלתרמן,,author,True,article,article,he,פרויקט בן-יהודה,1968,2019-10-06,original,by_permission,authors/alterman/corpus/stripped/14249.txt,authors/alterman/corpus/nikud/14249.txt,https://benyehuda.org/read/14249,1968.0,1970.0,,confirmed,high,https://benyehuda.org/collections/1205,1968,,
14250,מדיניות על בלימה,נתן אלתרמן,,author,True,article,article,he,פרויקט בן-יהודה,1968,2019-10-06,original,by_permission,authors/alterman/corpus/stripped/14250.txt,authors/alterman/corpus/nikud/14250.txt,https://benyehuda.org/read/14250,1968.0,1970.0,,confirmed,high,https://benyehuda.org/collections/1205,1968,,
14251,ארבעה פרקים,נתן אלתרמן,,author,True,article,article,he,פרויקט בן-יהודה,1968,2019-10-06,original,by_permission,authors/alterman/corpus/stripped/14251.txt,authors/alterman/corpus/nikud/14251.txt,https://benyehuda.org/read/14251,1968.0,1970.0,,confirmed,high,https://benyehuda.org/collections/1205,1968,,
14252,ההון והרקע,נתן אלתרמן,,author,True,article,article,he,פרויקט בן-יהודה,1968,2019-10-06,original,by_permission,authors/alterman/corpus/stripped/14252.txt,authors/alterman/corpus/nikud/14252.txt,https://benyehuda.org/read/14252,1968.0,1970.0,,confirmed,high,https://benyehuda.org/collections/1205,1968,,
14253,הנוסחה הריקה,נתן אלתרמן,,author,True,article,article,he,פרויקט בן-יהודה,1968,2019-10-06,original,by_permission,authors/alterman/corpus/stripped/14253.txt,authors/alterman/corpus/nikud/14253.txt,https://benyehuda.org/read/14253,1968.0,1970.0,,confirmed,high,https://benyehuda.org/collections/1205,1968,,
14254,"עיקריו של ""הסכסוך""",נתן אלתרמן,,author,True,article,article,he,פרויקט בן-יהודה,1968,2019-10-06,original,by_permission,authors/alterman/corpus/stripped/14254.txt,authors/alterman/corpus/nikud/14254.txt,https://benyehuda.org/read/14254,1968.0,1970.0,,confirmed,high,https://benyehuda.org/collections/1205,1968,,
14255,עשרים שנה,נתן אלתרמן,,author,True,article,article,he,פרויקט בן-יהודה,1968,2019-10-06,original,by_permission,authors/alterman/corpus/stripped/14255.txt,authors/alterman/corpus/nikud/14255.txt,https://benyehuda.org/read/14255,1968.0,1970.0,,confirmed,high,https://benyehuda.org/collections/1205,1968,,
14256,מדיניות של דילוג־רב,נתן אלתרמן,,author,True,article,article,he,פרויקט בן-יהודה,1968,2019-10-06,original,by_permission,authors/alterman/corpus/stripped/14256.txt,authors/alterman/corpus/nikud/14256.txt,https://benyehuda.org/read/14256,1968.0,1970.0,,confirmed,high,https://benyehuda.org/collections/1205,1968,,
14257,גישה עקיפה מדי,נתן אלתרמן,,author,True,article,article,he,פרויקט בן-יהודה,1968,2019-10-06,original,by_permission,authors/alterman/corpus/stripped/14257.txt,authors/alterman/corpus/nikud/14257.txt,https://benyehuda.org/read/14257,1968.0,1970.0,,confirmed,high,https://benyehuda.org/collections/1205,1968,,
14258,השינוי בממשלה,נתן אלתרמן,,author,True,article,article,he,פרויקט בן-יהודה,1968,2019-10-06,original,by_permission,authors/alterman/corpus/stripped/14258.txt,authors/alterman/corpus/nikud/14258.txt,https://benyehuda.org/read/14258,1968.0,1970.0,,confirmed,high,https://benyehuda.org/collections/1205,1968,,
14259,חוק ההתישנות,נתן אלתרמן,,author,True,article,article,he,פרויקט בן-יהודה,1968,2019-10-06,original,by_permission,authors/alterman/corpus/stripped/14259.txt,authors/alterman/corpus/nikud/14259.txt,https://benyehuda.org/read/14259,1968.0,1970.0,,confirmed,high,https://benyehuda.org/collections/1205,1968,,
14260,המהפכה שפקעה,נתן אלתרמן,,author,True,article,article,he,פרויקט בן-יהודה,1968,2019-10-06,original,by_permission,authors/alterman/corpus/stripped/14260.txt,authors/alterman/corpus/nikud/14260.txt,https://benyehuda.org/read/14260,1968.0,1970.0,,confirmed,high,https://benyehuda.org/collections/1205,1968,,
14261,מחאה מחטיאה,נתן אלתרמן,,author,True,article,article,he,פרויקט בן-יהודה,1968,2019-10-06,original,by_permission,authors/alterman/corpus/stripped/14261.txt,authors/alterman/corpus/nikud/14261.txt,https://benyehuda.org/read/14261,1968.0,1970.0,,confirmed,high,https://benyehuda.org/collections/1205,1968,,
14262,רשות הבידור,נתן אלתרמן,,author,True,article,article,he,פרויקט בן-יהודה,1968,2019-10-06,original,by_permission,authors/alterman/corpus/stripped/14262.txt,authors/alterman/corpus/nikud/14262.txt,https://benyehuda.org/read/14262,1968.0,1970.0,,confirmed,high,https://benyehuda.org/collections/1205,1968,,
14283,ניהליזם מהו,נתן אלתרמן,,author,True,article,article,he,פרויקט בן-יהודה,1968,2019-10-09,original,by_permission,authors/alterman/corpus/stripped/14283.txt,authors/alterman/corpus/nikud/14283.txt,https://benyehuda.org/read/14283,1968.0,,,conflict,high,https://benyehuda.org/collections/1205,1967,,
14284,חומר הדין,נתן אלתרמן,,author,True,article,article,he,פרויקט בן-יהודה,1968,2019-10-09,original,by_permission,authors/alterman/corpus/stripped/14284.txt,authors/alterman/corpus/nikud/14284.txt,https://benyehuda.org/read/14284,1968.0,,,conflict,high,https://benyehuda.org/collections/1322,1967,,
14285,אנקת גבהים,נתן אלתרמן,,author,True,article,article,he,פרויקט בן-יהודה,1968,2019-10-09,original,by_permission,authors/alterman/corpus/stripped/14285.txt,authors/alterman/corpus/nikud/14285.txt,https://benyehuda.org/read/14285,1968.0,,,conflict,high,https://benyehuda.org/collections/1322,1967,,
14286,נפילת פראג,נתן אלתרמן,,author,True,article,article,he,פרויקט בן-יהודה,1968,2019-10-09,original,by_permission,authors/alterman/corpus/stripped/14286.txt,authors/alterman/corpus/nikud/14286.txt,https://benyehuda.org/read/14286,1968.0,,,confirmed,high,https://benyehuda.org/collections/1205,1968,,
14287,"אמנם פראג, ובכל-זאת...",נתן אלתרמן,,author,True,article,article,he,פרויקט בן-יהודה,1968,2019-10-09,original,by_permission,authors/alterman/corpus/stripped/14287.txt,authors/alterman/corpus/nikud/14287.txt,https://benyehuda.org/read/14287,1968.0,,,confirmed,high,https://benyehuda.org/collections/1205,1968,,
14288,הממשלה והתחפושת,נתן אלתרמן,,author,True,article,article,he,פרויקט בן-יהודה,1968,2019-10-09,original,by_permission,authors/alterman/corpus/stripped/14288.txt,authors/alterman/corpus/nikud/14288.txt,https://benyehuda.org/read/14288,1968.0,,,confirmed,high,https://benyehuda.org/collections/1205,1968,,
14290,שלהי־דמדום וראשית־פכחון,נתן אלתרמן,,author,True,article,article,he,פרויקט בן-יהודה,1968,2019-10-09,original,by_permission,authors/alterman/corpus/stripped/14290.txt,authors/alterman/corpus/nikud/14290.txt,https://benyehuda.org/read/14290,1968.0,,,confirmed,high,https://benyehuda.org/collections/1205,1968,,
14291,צעד מוטעה והסתבכות מיותרת,נתן אלתרמן,,author,True,article,article,he,פרויקט בן-יהודה,1968,2019-10-09,original,by_permission,authors/alterman/corpus/stripped/14291.txt,authors/alterman/corpus/nikud/14291.txt,https://benyehuda.org/read/14291,1968.0,,,confirmed,high,https://benyehuda.org/collections/1205,1968,,
14292,המערכה על השלום,נתן אלתרמן,,author,True,article,article,he,פרויקט בן-יהודה,1968,2019-10-09,original,by_permission,authors/alterman/corpus/stripped/14292.txt,authors/alterman/corpus/nikud/14292.txt,https://benyehuda.org/read/14292,1968.0,,,confirmed,high,https://benyehuda.org/collections/1205,1968,,
14293,אבסורד לדוגמא,נתן אלתרמן,,author,True,article,article,he,פרויקט בן-יהודה,1968,2019-10-09,original,by_permission,authors/alterman/corpus/stripped/14293.txt,authors/alterman/corpus/nikud/14293.txt,https://benyehuda.org/read/14293,1968.0,,,confirmed,high,https://benyehuda.org/collections/1205,1968,,
14294,האומנם ויכוח־סרק?,נתן אלתרמן,,author,True,article,article,he,פרויקט בן-יהודה,1968,2019-10-09,original,by_permission,authors/alterman/corpus/stripped/14294.txt,authors/alterman/corpus/nikud/14294.txt,https://benyehuda.org/read/14294,1968.0,,,confirmed,high,https://benyehuda.org/collections/1205,1968,,
14295,גזירת הסקר,נתן אלתרמן,,author,True,article,article,he,פרויקט בן-יהודה,1968,2019-10-09,original,by_permission,authors/alterman/corpus/stripped/14295.txt,authors/alterman/corpus/nikud/14295.txt,https://benyehuda.org/read/14295,1968.0,,,confirmed,high,https://benyehuda.org/collections/1205,1968,,
14296,פירושים שאינם למותר,נתן אלתרמן,,author,True,article,article,he,פרויקט בן-יהודה,1968,2019-10-09,original,by_permission,authors/alterman/corpus/stripped/14296.txt,authors/alterman/corpus/nikud/14296.txt,https://benyehuda.org/read/14296,1968.0,,,confirmed,high,https://benyehuda.org/collections/1205,1968,,
14297,מחאה ותזכורת,נתן אלתרמן,,author,True,article,article,he,פרויקט בן-יהודה,1968,2019-10-09,original,by_permission,authors/alterman/corpus/stripped/14297.txt,authors/alterman/corpus/nikud/14297.txt,https://benyehuda.org/read/14297,1968.0,,,confirmed,high,https://benyehuda.org/collections/1205,1968,,
14299,הגרדומים והשלום,נתן אלתרמן,,author,True,article,article,he,פרויקט בן-יהודה,1969,2019-10-09,original,by_permission,authors/alterman/corpus/stripped/14299.txt,authors/alterman/corpus/nikud/14299.txt,https://benyehuda.org/read/14299,1969.0,,,confirmed,high,https://benyehuda.org/collections/1193,1969,,
14300,"הרופאים, השתילה, השאלה",נתן אלתרמן,,author,True,article,article,he,פרויקט בן-יהודה,1969,2019-10-09,original,by_permission,authors/alterman/corpus/stripped/14300.txt,authors/alterman/corpus/nikud/14300.txt,https://benyehuda.org/read/14300,1969.0,,,confirmed,high,https://benyehuda.org/collections/1193,1969,,
14301,עם פרידה מראש־הממשלה,נתן אלתרמן,,author,True,article,article,he,פרויקט בן-יהודה,1969,2019-10-09,original,by_permission,authors/alterman/corpus/stripped/14301.txt,authors/alterman/corpus/nikud/14301.txt,https://benyehuda.org/read/14301,1969.0,,,confirmed,high,https://benyehuda.org/collections/1193,1969,,
14302,א. המערך הסמוי,נתן אלתרמן,,author,True,article,article,he,פרויקט בן-יהודה,1969,2019-10-09,original,by_permission,authors/alterman/corpus/stripped/14302.txt,authors/alterman/corpus/nikud/14302.txt,https://benyehuda.org/read/14302,1969.0,,,confirmed,high,https://benyehuda.org/collections/1194,1969,,
14303,ב. לא מחאות לחצאים,נתן אלתרמן,,author,True,article,article,he,פרויקט בן-יהודה,1969,2019-10-09,original,by_permission,authors/alterman/corpus/stripped/14303.txt,authors/alterman/corpus/nikud/14303.txt,https://benyehuda.org/read/14303,1969.0,,,confirmed,high,https://benyehuda.org/collections/1194,1969,,
14304,אחרי המירדף,נתן אלתרמן,,author,True,article,article,he,פרויקט בן-יהודה,1969,2019-10-09,original,by_permission,authors/alterman/corpus/stripped/14304.txt,authors/alterman/corpus/nikud/14304.txt,https://benyehuda.org/read/14304,1969.0,,,confirmed,high,https://benyehuda.org/collections/1193,1969,,
14356,איזהו גיבור,נתן אלתרמן,,author,True,article,article,he,פרויקט בן-יהודה,1968,2019-10-10,original,by_permission,authors/alterman/corpus/stripped/14356.txt,authors/alterman/corpus/nikud/14356.txt,https://benyehuda.org/read/14356,1968.0,,,confirmed,high,https://benyehuda.org/collections/1205,1968,,
14357,התמורה המתחוללת מאליה,נתן אלתרמן,,author,True,article,article,he,פרויקט בן-יהודה,1968,2019-10-10,original,by_permission,authors/alterman/corpus/stripped/14357.txt,authors/alterman/corpus/nikud/14357.txt,https://benyehuda.org/read/14357,1968.0,,,confirmed,med,https://benyehuda.org/collections/1319,1968,,
14358,נוכחותה של היעדרות,נתן אלתרמן,,author,True,article,article,he,פרויקט בן-יהודה,1968,2019-10-10,original,by_permission,authors/alterman/corpus/stripped/14358.txt,authors/alterman/corpus/nikud/14358.txt,https://benyehuda.org/read/14358,1968.0,,,confirmed,med,https://benyehuda.org/collections/1319,1968,,
14359,מישאל הסטודנטים,נתן אלתרמן,,author,True,article,article,he,פרויקט בן-יהודה,1968,2019-10-10,original,by_permission,authors/alterman/corpus/stripped/14359.txt,authors/alterman/corpus/nikud/14359.txt,https://benyehuda.org/read/14359,1968.0,,,confirmed,med,https://benyehuda.org/collections/1319,1968,,
14360,ידים חפשיות,נתן אלתרמן,,author,True,article,article,he,פרויקט בן-יהודה,1969,2019-10-10,original,by_permission,authors/alterman/corpus/stripped/14360.txt,authors/alterman/corpus/nikud/14360.txt,https://benyehuda.org/read/14360,1969.0,,,confirmed,high,https://benyehuda.org/collections/1193,1969,,
14361,ההבקעה מן הדמדום,נתן אלתרמן,,author,True,article,article,he,פרויקט בן-יהודה,1969,2019-10-10,original,by_permission,authors/alterman/corpus/stripped/14361.txt,authors/alterman/corpus/nikud/14361.txt,https://benyehuda.org/read/14361,1969.0,,,confirmed,high,https://benyehuda.org/collections/1193,1969,,
14588,המאבק עם עצמנו הוא שיקבע,נתן אלתרמן,,author,True,article,article,he,פרויקט בן-יהודה,1969,2019-10-16,original,by_permission,authors/alterman/corpus/stripped/14588.txt,authors/alterman/corpus/nikud/14588.txt,https://benyehuda.org/read/14588,1969.0,1970.0,,conflict,high,https://benyehuda.org/collections/1193,1968,,
14589,כבר לאחר ויכוח,נתן אלתרמן,,author,True,article,article,he,פרויקט בן-יהודה,1969,2019-10-16,original,by_permission,authors/alterman/corpus/stripped/14589.txt,authors/alterman/corpus/nikud/14589.txt,https://benyehuda.org/read/14589,1969.0,1970.0,,conflict,high,https://benyehuda.org/collections/1193,1968,,
14590,"א. מקצות ""הארץ""",נתן אלתרמן,,author,True,article,article,he,פרויקט בן-יהודה,1969,2019-10-16,original,by_permission,authors/alterman/corpus/stripped/14590.txt,authors/alterman/corpus/nikud/14590.txt,https://benyehuda.org/read/14590,1969.0,1970.0,,conflict,med,https://benyehuda.org/collections/1195,1968,,
14591,ב. ההטפה המיותרת,נתן אלתרמן,,author,True,article,article,he,פרויקט בן-יהודה,1969,2019-10-16,original,by_permission,authors/alterman/corpus/stripped/14591.txt,authors/alterman/corpus/nikud/14591.txt,https://benyehuda.org/read/14591,1969.0,1970.0,,conflict,med,https://benyehuda.org/collections/1195,1968,,
14592,ישראל השלישית,נתן אלתרמן,,author,True,article,article,he,פרויקט בן-יהודה,1969,2019-10-16,original,by_permission,authors/alterman/corpus/stripped/14592.txt,authors/alterman/corpus/nikud/14592.txt,https://benyehuda.org/read/14592,1969.0,1970.0,,conflict,high,https://benyehuda.org/collections/1193,1968,,
14593,א. הערה לדו־שיח,נתן אלתרמן,,author,True,article,article,he,פרויקט בן-יהודה,1969,2019-10-16,original,by_permission,authors/alterman/corpus/stripped/14593.txt,authors/alterman/corpus/nikud/14593.txt,https://benyehuda.org/read/14593,1969.0,1970.0,,conflict,med,https://benyehuda.org/collections/1199,1968,,
14594,ב. חומר חסוי,נתן אלתרמן,,author,True,article,article,he,פרויקט בן-יהודה,1969,2019-10-16,original,by_permission,authors/alterman/corpus/stripped/14594.txt,authors/alterman/corpus/nikud/14594.txt,https://benyehuda.org/read/14594,1969.0,1970.0,,conflict,med,https://benyehuda.org/collections/1199,1968,,
14595,ג. ניצול מעשי מדי,נתן אלתרמן,,author,True,article,article,he,פרויקט בן-יהודה,1969,2019-10-16,original,by_permission,authors/alterman/corpus/stripped/14595.txt,authors/alterman/corpus/nikud/14595.txt,https://benyehuda.org/read/14595,1969.0,1970.0,,conflict,med,https://benyehuda.org/collections/1199,1968,,
14596,א. עמדת הקיפוד,נתן אלתרמן,,author,True,article,article,he,פרויקט בן-יהודה,1969,2019-10-16,original,by_permission,authors/alterman/corpus/stripped/14596.txt,authors/alterman/corpus/nikud/14596.txt,https://benyehuda.org/read/14596,1969.0,1970.0,,conflict,med,https://benyehuda.org/collections/1196,1968,,
14597,ב. אזעקת־השווא הגדולה,נתן אלתרמן,,author,True,article,article,he,פרויקט בן-יהודה,1969,2019-10-16,original,by_permission,authors/alterman/corpus/stripped/14597.txt,authors/alterman/corpus/nikud/14597.txt,https://benyehuda.org/read/14597,1969.0,1970.0,,conflict,med,https://benyehuda.org/collections/1196,1968,,
14598,א. תהלוכה ושתי פנים לה,נתן אלתרמן,,author,True,article,article,he,פרויקט בן-יהודה,1969,2019-10-16,original,by_permission,authors/alterman/corpus/stripped/14598.txt,authors/alterman/corpus/nikud/14598.txt,https://benyehuda.org/read/14598,1969.0,1970.0,,conflict,med,https://benyehuda.org/collections/1197,1968,,
14599,ב. קו לקו,נתן אלתרמן,,author,True,article,article,he,פרויקט בן-יהודה,1969,2019-10-16,original,by_permission,authors/alterman/corpus/stripped/14599.txt,authors/alterman/corpus/nikud/14599.txt,https://benyehuda.org/read/14599,1969.0,1970.0,,conflict,med,https://benyehuda.org/collections/1197,1968,,
14600,א. ריתוק מלמטה וניתוק מלמעלה,נתן אלתרמן,,author,True,article,article,he,פרויקט בן-יהודה,1969,2019-10-16,original,by_permission,authors/alterman/corpus/stripped/14600.txt,authors/alterman/corpus/nikud/14600.txt,https://benyehuda.org/read/14600,1969.0,1970.0,,conflict,med,https://benyehuda.org/collections/1200,1968,,
14601,ב. נפש טרופה,נתן אלתרמן,,author,True,article,article,he,פרויקט בן-יהודה,1969,2019-10-16,original,by_permission,authors/alterman/corpus/stripped/14601.txt,authors/alterman/corpus/nikud/14601.txt,https://benyehuda.org/read/14601,1969.0,1970.0,,conflict,med,https://benyehuda.org/collections/1200,1968,,
14602,ג. היסטוריה שלא במקומה,נתן אלתרמן,,author,True,article,article,he,פרויקט בן-יהודה,1969,2019-10-16,original,by_permission,authors/alterman/corpus/stripped/14602.txt,authors/alterman/corpus/nikud/14602.txt,https://benyehuda.org/read/14602,1969.0,1970.0,,conflict,med,https://benyehuda.org/collections/1200,1968,,
14603,לא כל־כך פשוט,נתן אלתרמן,,author,True,article,article,he,פרויקט בן-יהודה,1969,2019-10-16,original,by_permission,authors/alterman/corpus/stripped/14603.txt,authors/alterman/corpus/nikud/14603.txt,https://benyehuda.org/read/14603,1969.0,1970.0,,conflict,high,https://benyehuda.org/collections/1193,1968,,
14604,לאחר גינוי,נתן אלתרמן,,author,True,article,article,he,פרויקט בן-יהודה,1969,2019-10-16,original,by_permission,authors/alterman/corpus/stripped/14604.txt,authors/alterman/corpus/nikud/14604.txt,https://benyehuda.org/read/14604,1969.0,1970.0,,conflict,high,https://benyehuda.org/collections/1193,1968,,
14605,א. רוח תזזית,נתן אלתרמן,,author,True,article,article,he,פרויקט בן-יהודה,1969,2019-10-16,original,by_permission,authors/alterman/corpus/stripped/14605.txt,authors/alterman/corpus/nikud/14605.txt,https://benyehuda.org/read/14605,1969.0,1970.0,,conflict,med,https://benyehuda.org/collections/1198,1968,,
14606,ב. המאור הקטן,נתן אלתרמן,,author,True,article,article,he,פרויקט בן-יהודה,1969,2019-10-16,original,by_permission,authors/alterman/corpus/stripped/14606.txt,authors/alterman/corpus/nikud/14606.txt,https://benyehuda.org/read/14606,1969.0,1970.0,,conflict,med,https://benyehuda.org/collections/1198,1968,,
14607,צוק מצדה,נתן אלתרמן,,author,True,article,article,he,פרויקט בן-יהודה,1969,2019-10-16,original,by_permission,authors/alterman/corpus/stripped/14607.txt,authors/alterman/corpus/nikud/14607.txt,https://benyehuda.org/read/14607,1969.0,1970.0,,conflict,high,https://benyehuda.org/collections/1193,1968,,
14608,מצע תועה ומתעה,נתן אלתרמן,,author,True,article,article,he,פרויקט בן-יהודה,1969,2019-10-16,original,by_permission,authors/alterman/corpus/stripped/14608.txt,authors/alterman/corpus/nikud/14608.txt,https://benyehuda.org/read/14608,1969.0,1970.0,,conflict,high,https://benyehuda.org/collections/1193,1968,,
14609,"""מה יהיה הסוף?""",נתן אלתרמן,,author,True,article,article,he,פרויקט בן-יהודה,1969,2019-10-16,original,by_permission,authors/alterman/corpus/stripped/14609.txt,authors/alterman/corpus/nikud/14609.txt,https://benyehuda.org/read/14609,1969.0,1970.0,,conflict,med,https://benyehuda.org/collections/1193,1968,,
14610,המומחים־לחופש,נתן אלתרמן,,author,True,article,article,he,פרויקט בן-יהודה,1969,2019-10-16,original,by_permission,authors/alterman/corpus/stripped/14610.txt,authors/alterman/corpus/nikud/14610.txt,https://benyehuda.org/read/14610,1969.0,1970.0,,conflict,med,https://benyehuda.org/collections/1193,1968,,
14611,זהות ומלחמה,נתן אלתרמן,,author,True,article,article,he,פרויקט בן-יהודה,1969,2019-10-16,original,by_permission,authors/alterman/corpus/stripped/14611.txt,authors/alterman/corpus/nikud/14611.txt,https://benyehuda.org/read/14611,1969.0,1970.0,,conflict,med,https://benyehuda.org/collections/1193,1968,,
14612,הדרוויש כשותף־לקונפליקט,נתן אלתרמן,,author,True,article,article,he,פרויקט בן-יהודה,1969,2019-10-16,original,by_permission,authors/alterman/corpus/stripped/14612.txt,authors/alterman/corpus/nikud/14612.txt,https://benyehuda.org/read/14612,1969.0,1970.0,,conflict,med,https://benyehuda.org/collections/1193,1968,,
14613,לא כמדינה מוחזקת,נתן אלתרמן,,author,True,article,article,he,פרויקט בן-יהודה,1969,2019-10-16,original,by_permission,authors/alterman/corpus/stripped/14613.txt,authors/alterman/corpus/nikud/14613.txt,https://benyehuda.org/read/14613,1969.0,1970.0,,conflict,med,https://benyehuda.org/collections/1193,1968,,
14614,א. לשופט על־הסף,נתן אלתרמן,,author,True,article,article,he,פרויקט בן-יהודה,1969,2019-10-16,original,by_permission,authors/alterman/corpus/stripped/14614.txt,authors/alterman/corpus/nikud/14614.txt,https://benyehuda.org/read/14614,1969.0,1970.0,,conflict,med,https://benyehuda.org/collections/1193,1968,,
14615,ב. כפיה אלחוטית,נתן אלתרמן,,author,True,article,article,he,פרויקט בן-יהודה,1969,2019-10-16,original,by_permission,authors/alterman/corpus/stripped/14615.txt,authors/alterman/corpus/nikud/14615.txt,https://benyehuda.org/read/14615,1969.0,1970.0,,conflict,med,https://benyehuda.org/collections/1193,1968,,
14616,נחל צין,נתן אלתרמן,,author,True,article,article,he,פרויקט בן-יהודה,1969,2019-10-16,original,by_permission,authors/alterman/corpus/stripped/14616.txt,authors/alterman/corpus/nikud/14616.txt,https://benyehuda.org/read/14616,1969.0,1970.0,,conflict,med,https://benyehuda.org/collections/1193,1968,,
14624,ראש חדש למחשבה חדשה,נתן אלתרמן,,author,True,article,article,he,פרויקט בן-יהודה,1969,2019-10-16,original,by_permission,authors/alterman/corpus/stripped/14624.txt,authors/alterman/corpus/nikud/14624.txt,https://benyehuda.org/read/14624,1969.0,1970.0,,confirmed,med,https://benyehuda.org/collections/1193,21.3.1969,,
14654,איך לא להצביע וכיצד להצביע,נתן אלתרמן,,author,True,article,article,he,פרויקט בן-יהודה,1969,2019-10-19,original,by_permission,authors/alterman/corpus/stripped/14654.txt,authors/alterman/corpus/nikud/14654.txt,https://benyehuda.org/read/14654,1969.0,1969.0,,confirmed,high,https://benyehuda.org/collections/1193,1969,,
14655,כמה עיקרים לפולמוס התזמורת,נתן אלתרמן,,author,True,article,article,he,פרויקט בן-יהודה,1969,2019-10-19,original,by_permission,authors/alterman/corpus/stripped/14655.txt,authors/alterman/corpus/nikud/14655.txt,https://benyehuda.org/read/14655,1969.0,1969.0,,confirmed,high,https://benyehuda.org/collections/1193,1969,,
14656,החבילות והמשא,נתן אלתרמן,,author,True,article,article,he,פרויקט בן-יהודה,1969,2019-10-19,original,by_permission,authors/alterman/corpus/stripped/14656.txt,authors/alterman/corpus/nikud/14656.txt,https://benyehuda.org/read/14656,1969.0,1969.0,,confirmed,med,https://benyehuda.org/collections/1193,1969,,
14657,המכתב והכתובת,נתן אלתרמן,,author,True,article,article,he,פרויקט בן-יהודה,1969,2019-10-19,original,by_permission,authors/alterman/corpus/stripped/14657.txt,authors/alterman/corpus/nikud/14657.txt,https://benyehuda.org/read/14657,1969.0,1969.0,,confirmed,med,https://benyehuda.org/collections/1193,1969,,
14658,סכנתו השניה של הטרור,נתן אלתרמן,,author,True,article,article,he,פרויקט בן-יהודה,1969,2019-10-19,original,by_permission,authors/alterman/corpus/stripped/14658.txt,authors/alterman/corpus/nikud/14658.txt,https://benyehuda.org/read/14658,1969.0,1969.0,,confirmed,med,https://benyehuda.org/collections/1193,1969,,
14659,"השיר, המחאה, המאניפסט",נתן אלתרמן,,author,True,article,article,he,פרויקט בן-יהודה,1969,2019-10-19,original,by_permission,authors/alterman/corpus/stripped/14659.txt,authors/alterman/corpus/nikud/14659.txt,https://benyehuda.org/read/14659,1969.0,1969.0,,confirmed,med,https://benyehuda.org/collections/1193,1969,,
14660,א. ביקוע הגרעין,נתן אלתרמן,,author,True,article,article,he,פרויקט בן-יהודה,1969,2019-10-19,original,by_permission,authors/alterman/corpus/stripped/14660.txt,authors/alterman/corpus/nikud/14660.txt,https://benyehuda.org/read/14660,1969.0,1969.0,,confirmed,med,https://benyehuda.org/collections/1193,1969,,
14661,ב. אזעקת ההסברה,נתן אלתרמן,,author,True,article,article,he,פרויקט בן-יהודה,1969,2019-10-19,original,by_permission,authors/alterman/corpus/stripped/14661.txt,authors/alterman/corpus/nikud/14661.txt,https://benyehuda.org/read/14661,1969.0,1969.0,,confirmed,med,https://benyehuda.org/collections/1193,1969,,
14662,1. סכנת הגנראלים,נתן אלתרמן,,author,True,article,article,he,פרויקט בן-יהודה,1969,2019-10-19,original,by_permission,authors/alterman/corpus/stripped/14662.txt,authors/alterman/corpus/nikud/14662.txt,https://benyehuda.org/read/14662,1969.0,1969.0,,confirmed,med,https://benyehuda.org/collections/1193,1969,,
14663,2. מי נץ ומי יונה,נתן אלתרמן,,author,True,article,article,he,פרויקט בן-יהודה,1969,2019-10-19,original,by_permission,authors/alterman/corpus/stripped/14663.txt,authors/alterman/corpus/nikud/14663.txt,https://benyehuda.org/read/14663,1969.0,1969.0,,confirmed,med,https://benyehuda.org/collections/1193,1969,,
14664,3. דמדום אֶכּס- קתדרה,נתן אלתרמן,,author,True,article,article,he,פרויקט בן-יהודה,1969,2019-10-19,original,by_permission,authors/alterman/corpus/stripped/14664.txt,authors/alterman/corpus/nikud/14664.txt,https://benyehuda.org/read/14664,1969.0,1969.0,,confirmed,med,https://benyehuda.org/collections/1193,1969,,
14665,4. שאלה פשוטה ומאירה,נתן אלתרמן,,author,True,article,article,he,פרויקט בן-יהודה,1969,2019-10-19,original,by_permission,authors/alterman/corpus/stripped/14665.txt,authors/alterman/corpus/nikud/14665.txt,https://benyehuda.org/read/14665,1969.0,1969.0,,confirmed,med,https://benyehuda.org/collections/1193,1969,,
14666,א. הנצחון כשעיר לעזאזל,נתן אלתרמן,,author,True,article,article,he,פרויקט בן-יהודה,1969,2019-10-19,original,by_permission,authors/alterman/corpus/stripped/14666.txt,authors/alterman/corpus/nikud/14666.txt,https://benyehuda.org/read/14666,1969.0,1969.0,,confirmed,med,https://benyehuda.org/collections/1193,1969,,
14667,ב. לא הקצף יענה את הכל,נתן אלתרמן,,author,True,article,article,he,פרויקט בן-יהודה,1969,2019-10-19,original,by_permission,authors/alterman/corpus/stripped/14667.txt,authors/alterman/corpus/nikud/14667.txt,https://benyehuda.org/read/14667,1969.0,1969.0,,confirmed,med,https://benyehuda.org/collections/1193,1969,,
14668,המאה הקשישה והעשור הצעיר,נתן אלתרמן,,author,True,article,article,he,פרויקט בן-יהודה,1970,2019-10-19,original,by_permission,authors/alterman/corpus/stripped/14668.txt,authors/alterman/corpus/nikud/14668.txt,https://benyehuda.org/read/14668,1970.0,1969.0,,confirmed,med,https://benyehuda.org/collections/1188,1970,,
14669,ב. לשגריר בברכה ובערעור,נתן אלתרמן,,author,True,article,article,he,פרויקט בן-יהודה,1970,2019-10-19,original,by_permission,authors/alterman/corpus/stripped/14669.txt,authors/alterman/corpus/nikud/14669.txt,https://benyehuda.org/read/14669,1970.0,1969.0,,confirmed,med,https://benyehuda.org/collections/1188,1970,,
14670,א. הסבך המושלם,נתן אלתרמן,,author,True,article,article,he,פרויקט בן-יהודה,1970,2019-10-19,original,by_permission,authors/alterman/corpus/stripped/14670.txt,authors/alterman/corpus/nikud/14670.txt,https://benyehuda.org/read/14670,1970.0,1969.0,,confirmed,med,https://benyehuda.org/collections/1188,1970,,
14671,ב. נפש בריאה בגוף בריא,נתן אלתרמן,,author,True,article,article,he,פרויקט בן-יהודה,1970,2019-10-19,original,by_permission,authors/alterman/corpus/stripped/14671.txt,authors/alterman/corpus/nikud/14671.txt,https://benyehuda.org/read/14671,1970.0,1969.0,,confirmed,med,https://benyehuda.org/collections/1188,1970,,
14672,ג. נאמנות כפולה ומשולשת,נתן אלתרמן,,author,True,article,article,he,פרויקט בן-יהודה,1970,2019-10-19,original,by_permission,authors/alterman/corpus/stripped/14672.txt,authors/alterman/corpus/nikud/14672.txt,https://benyehuda.org/read/14672,1970.0,1969.0,,confirmed,med,https://benyehuda.org/collections/1188,1970,,
14673,ד. העוגה הפסיכדלית,נתן אלתרמן,,author,True,article,article,he,פרויקט בן-יהודה,1970,2019-10-19,original,by_permission,authors/alterman/corpus/stripped/14673.txt,authors/alterman/corpus/nikud/14673.txt,https://benyehuda.org/read/14673,1970.0,1969.0,,confirmed,med,https://benyehuda.org/collections/1187,1970,,
14674,ה. בעבור נעלים,נתן אלתרמן,,author,True,article,article,he,פרויקט בן-יהודה,1970,2019-10-19,original,by_permission,authors/alterman/corpus/stripped/14674.txt,authors/alterman/corpus/nikud/14674.txt,https://benyehuda.org/read/14674,1970.0,1969.0,,confirmed,med,https://benyehuda.org/collections/1187,1970,,
14675,א. תבוסת ביאפרה,נתן אלתרמן,,author,True,article,article,he,פרויקט בן-יהודה,1970,2019-10-19,original,by_permission,authors/alterman/corpus/stripped/14675.txt,authors/alterman/corpus/nikud/14675.txt,https://benyehuda.org/read/14675,1970.0,1969.0,,confirmed,med,https://benyehuda.org/collections/1187,1970,,
14676,ב. המפה והתרגיל,נתן אלתרמן,,author,True,article,article,he,פרויקט בן-יהודה,1970,2019-10-19,original,by_permission,authors/alterman/corpus/stripped/14676.txt,authors/alterman/corpus/nikud/14676.txt,https://benyehuda.org/read/14676,1970.0,1969.0,,confirmed,med,https://benyehuda.org/collections/1187,1970,,
14677,"מזכ""ל חדש – יעדים חדשים...",נתן אלתרמן,,author,True,article,article,he,פרויקט בן-יהודה,1970,2019-10-19,original,by_permission,authors/alterman/corpus/stripped/14677.txt,authors/alterman/corpus/nikud/14677.txt,https://benyehuda.org/read/14677,1970.0,1969.0,,confirmed,med,https://benyehuda.org/collections/1187,1970,,
14678,פריט ושמו לאום,נתן אלתרמן,,author,True,article,article,he,פרויקט בן-יהודה,1970,2019-10-19,original,by_permission,authors/alterman/corpus/stripped/14678.txt,authors/alterman/corpus/nikud/14678.txt,https://benyehuda.org/read/14678,1970.0,1969.0,,confirmed,med,https://benyehuda.org/collections/1187,30.1.1970,,
14679,א. האומנם ברצינות?,נתן אלתרמן,,author,True,article,article,he,פרויקט בן-יהודה,1970,2019-10-19,original,by_permission,authors/alterman/corpus/stripped/14679.txt,authors/alterman/corpus/nikud/14679.txt,https://benyehuda.org/read/14679,1970.0,1969.0,,confirmed,med,https://benyehuda.org/collections/1187,1970,,
14680,ב. הפגנת בני⁻אור,נתן אלתרמן,,author,True,article,article,he,פרויקט בן-יהודה,1970,2019-10-19,original,by_permission,authors/alterman/corpus/stripped/14680.txt,authors/alterman/corpus/nikud/14680.txt,https://benyehuda.org/read/14680,1970.0,1969.0,,confirmed,med,https://benyehuda.org/collections/1187,1970,,
14681,"ג. ""על⁻קשיים אובייקטיביים""",נתן אלתרמן,,author,True,article,article,he,פרויקט בן-יהודה,1970,2019-10-19,original,by_permission,authors/alterman/corpus/stripped/14681.txt,authors/alterman/corpus/nikud/14681.txt,https://benyehuda.org/read/14681,1970.0,1969.0,,conflict,med,https://benyehuda.org/collections/1187,1969,,
14682,המחלה הנושנה,נתן אלתרמן,,author,True,article,article,he,פרויקט בן-יהודה,1970,2019-10-19,original,by_permission,authors/alterman/corpus/stripped/14682.txt,authors/alterman/corpus/nikud/14682.txt,https://benyehuda.org/read/14682,1970.0,1969.0,,confirmed,med,https://benyehuda.org/collections/1187,1970,,
14683,ההובי החדש,נתן אלתרמן,,author,True,article,article,he,פרויקט בן-יהודה,1970,2019-10-19,original,by_permission,authors/alterman/corpus/stripped/14683.txt,authors/alterman/corpus/nikud/14683.txt,https://benyehuda.org/read/14683,1970.0,1969.0,,confirmed,med,https://benyehuda.org/collections/1187,1970,,
14685,חשבון הפנקס הקטן,נתן אלתרמן,,author,True,article,article,he,פרויקט בן-יהודה,1968,2019-10-19,original,by_permission,authors/alterman/corpus/stripped/14685.txt,authors/alterman/corpus/nikud/14685.txt,https://benyehuda.org/read/14685,1968.0,,,confirmed,med,https://benyehuda.org/collections/1187,1968,,
14687,העקרון והאבסורד,נתן אלתרמן,,author,True,article,article,he,פרויקט בן-יהודה,1967,2019-10-20,original,by_permission,authors/alterman/corpus/stripped/14687.txt,authors/alterman/corpus/nikud/14687.txt,https://benyehuda.org/read/14687,1967.0,,,confirmed,med,https://benyehuda.org/collections/1187,1967,,
14688,מדיניות של סימן-שאלה,נתן אלתרמן,,author,True,article,article,he,פרויקט בן-יהודה,1967,2019-10-20,original,by_permission,authors/alterman/corpus/stripped/14688.txt,authors/alterman/corpus/nikud/14688.txt,https://benyehuda.org/read/14688,1967.0,,,confirmed,med,https://benyehuda.org/collections/1187,1967,,
14689,שבעים שנה וששה ימים,נתן אלתרמן,,author,True,article,article,he,פרויקט בן-יהודה,1967,2019-10-20,original,by_permission,authors/alterman/corpus/stripped/14689.txt,authors/alterman/corpus/nikud/14689.txt,https://benyehuda.org/read/14689,1967.0,,,confirmed,med,https://benyehuda.org/collections/1187,1967,,
14690,שכרון המוכיחים,נתן אלתרמן,,author,True,article,article,he,פרויקט בן-יהודה,1967,2019-10-20,original,by_permission,authors/alterman/corpus/stripped/14690.txt,authors/alterman/corpus/nikud/14690.txt,https://benyehuda.org/read/14690,1967.0,,,confirmed,med,https://benyehuda.org/collections/1187,1967,,
14691,ערעור על רעיון נאה,נתן אלתרמן,,author,True,article,article,he,פרויקט בן-יהודה,1967,2019-10-20,original,by_permission,authors/alterman/corpus/stripped/14691.txt,authors/alterman/corpus/nikud/14691.txt,https://benyehuda.org/read/14691,1967.0,,,confirmed,med,https://benyehuda.org/collections/1187,1967,,
14692,א. האורחת המוזרה,נתן אלתרמן,,author,True,article,article,he,פרויקט בן-יהודה,1967,2019-10-20,original,by_permission,authors/alterman/corpus/stripped/14692.txt,authors/alterman/corpus/nikud/14692.txt,https://benyehuda.org/read/14692,1967.0,,,confirmed,med,https://benyehuda.org/collections/1187,1967,,
14693,ב. בעב הענן,נתן אלתרמן,,author,True,article,article,he,פרויקט בן-יהודה,1967,2019-10-20,original,by_permission,authors/alterman/corpus/stripped/14693.txt,authors/alterman/corpus/nikud/14693.txt,https://benyehuda.org/read/14693,1967.0,,,confirmed,med,https://benyehuda.org/collections/1187,1967,,
17936,[עוֹד חוֹזֵר הַנִּגּוּן],נתן אלתרמן,,author,True,poetry,poetry,he,פרויקט בן-יהודה,1938,2020-02-13,original,by_permission,authors/alterman/corpus/stripped/17936.txt,authors/alterman/corpus/nikud/17936.txt,https://benyehuda.org/read/17936,1938.0,1995.0,,confirmed,med,https://benyehuda.org/read/17936,1938,,
17937,פְּגִישָׁה לְאֵין קֵץ,נתן אלתרמן,,author,True,poetry,poetry,he,פרויקט בן-יהודה,1938,2020-02-13,original,by_permission,authors/alterman/corpus/stripped/17937.txt,authors/alterman/corpus/nikud/17937.txt,https://benyehuda.org/read/17937,1938.0,1995.0,,confirmed,med,https://benyehuda.org/read/17937,1938,,
17938,יָרֵחַ,נתן אלתרמן,,author,True,poetry,poetry,he,פרויקט בן-יהודה,1938,2020-02-13,original,by_permission,authors/alterman/corpus/stripped/17938.txt,authors/alterman/corpus/nikud/17938.txt,https://benyehuda.org/read/17938,1938.0,1995.0,,user_kept_nonby,user,,1938,1938,https://he.wikipedia.org/wiki/כוכבים_בחוץ
17939,שְׁדֵרוֹת בַּגֶּשֶׁם,נתן אלתרמן,,author,True,poetry,poetry,he,פרויקט בן-יהודה,1938,2020-02-13,original,by_permission,authors/alterman/corpus/stripped/17939.txt,authors/alterman/corpus/nikud/17939.txt,https://benyehuda.org/read/17939,1938.0,1995.0,,user_kept_nonby,user,,1938,1938,https://he.wikipedia.org/wiki/כוכבים_בחוץ
17940,[אֶת הַלַּיְלָה שֶׁלָּךְ],נתן אלתרמן,,author,True,poetry,poetry,he,פרויקט בן-יהודה,1938,2020-02-13,original,by_permission,authors/alterman/corpus/stripped/17940.txt,authors/alterman/corpus/nikud/17940.txt,https://benyehuda.org/read/17940,1938.0,1995.0,,user_kept_nonby,user,,1938,1938,https://he.wikipedia.org/wiki/כוכבים_בחוץ
17941,[הִנֵּה הָעֵצִים],נתן אלתרמן,,author,True,poetry,poetry,he,פרויקט בן-יהודה,1938,2020-02-13,original,by_permission,authors/alterman/corpus/stripped/17941.txt,authors/alterman/corpus/nikud/17941.txt,https://benyehuda.org/read/17941,1938.0,1995.0,,user_kept_nonby,user,,1938,1938,https://he.wikipedia.org/wiki/כוכבים_בחוץ
17942,בַּדֶּרֶךְ הַגְּדוֹלָה,נתן אלתרמן,,author,True,poetry,poetry,he,פרויקט בן-יהודה,1938,2020-02-13,original,by_permission,authors/alterman/corpus/stripped/17942.txt,authors/alterman/corpus/nikud/17942.txt,https://benyehuda.org/read/17942,1938.0,1995.0,,user_kept_nonby,user,,1938,1938,https://he.wikipedia.org/wiki/כוכבים_בחוץ
17943,תֵּבַת הַזִּמְרָה נִפְרֶדֶת,נתן אלתרמן,,author,True,poetry,poetry,he,פרויקט בן-יהודה,1938,2020-02-13,original,by_permission,authors/alterman/corpus/stripped/17943.txt,authors/alterman/corpus/nikud/17943.txt,https://benyehuda.org/read/17943,1938.0,1995.0,,user_kept_nonby,user,,1938,1938,https://he.wikipedia.org/wiki/כוכבים_בחוץ
29299,על הבן והחבר,"נתן אלתרמן, עזרא זוסמן, ע. הלל, חיים גורי",,author,True,article,article,he,פרויקט בן-יהודה,1949,2021-10-13,original,by_permission,authors/alterman/corpus/stripped/29299.txt,authors/alterman/corpus/nikud/29299.txt,https://benyehuda.org/read/29299,1949.0,1949.0,,confirmed,med,https://benyehuda.org/read/29299,1949,,
37321,בין המשורר למדינאי: בן־גוריון ואלתרמן בשיר ובאיגרת,"נתן אלתרמן, דוד בן־גוריון",,author,True,memoir,memoir,he,פרויקט בן-יהודה,1971,2022-12-18,original,by_permission,authors/alterman/corpus/stripped/37321.txt,authors/alterman/corpus/nikud/37321.txt,https://benyehuda.org/read/37321,1971.0,1986.0,,conflict,low,https://benyehuda.org/read/37321,1968,,
